Sample Date,Month,Year,AvgOfTemperature,AvgOfOxygen,NORTHERN,SOUTHERN,,
3/21/1997,3,1997,9.985199928,,1.639966667,0.521,,
4/4/1997,4,1997,8.016400337,,1.519,0.613411111,,
4/25/1997,4,1997,9.321000099,,1.067333333,0.626911111,,
5/5/1997,5,1997,8.870699883,,1.9106,0.497855556,,
5/15/1997,5,1997,8.507699966,,1.763366667,0.182633333,,
5/28/1997,5,1997,8.697600365,,1.687,5.66E-02,,
6/11/1997,6,1997,8.129899979,,0.902533333,0.102766667,,
6/27/1997,6,1997,8.157899857,,1.469433333,0.169166667,,
7/15/1997,7,1997,7.886499882,,1.828433333,0.352033333,,
7/17/1997,7,1997,7.803500175,,1.2929,0.198433333,,
7/23/1997,7,1997,7.951399803,,2.031666667,0.257733333,,
7/30/1997,7,1997,7.828700066,,2.1715,0.270644444,,
8/6/1997,8,1997,7.977600098,,1.705433333,0.358333333,,
8/12/1997,8,1997,7.834499836,,2.3931,0.280911111,,
8/14/1997,8,1997,7.899499893,,2.468433333,0.512544444,,
8/21/1997,8,1997,8.131199837,,2.450533333,0.565377778,,
8/27/1997,8,1997,9.553500175,,1.623333333,0.397755556,,
8/28/1997,8,1997,11.67350006,,1.6011,0.504622222,,
9/2/1997,9,1997,10.25510025,,1.4373,0.732388889,,
9/9/1997,9,1997,9.758199692,,1.3286,0.808777778,,
10/15/1997,10,1997,10.74740028,,0.271966667,0.8081,,
11/15/1997,11,1997,11.94999981,,0.660366667,1.022433333,,
12/12/1997,12,1997,12.91749954,,0,0.684077778,,
1/30/1998,1,1998,12.52799988,,0.233033333,0.896622222,,
3/5/1998,3,1998,11.86859989,,0.107433333,0.736055556,,
3/18/1998,3,1998,10.16919994,,0.547733333,0.956344444,,
4/5/1998,4,1998,10.47700024,,0.371333333,0.779533333,,
4/10/1998,4,1998,10.90600014,,0,0.755788889,,
4/21/1998,4,1998,10.12510014,,0.802933333,1.011988889,,
4/29/1998,4,1998,8.444000244,,0,0.482444444,,
5/12/1998,5,1998,9.455300331,,0.866833333,0.642122222,,
5/27/1998,5,1998,9.596199989,,0.5545,0.934566667,,
6/2/1998,6,1998,8.876899719,,0.709166667,0.8267,,
6/12/1998,6,1998,8.706700325,,0.6527,0.780322222,,
6/23/1998,6,1998,8.513299942,,1.1332,0.8678,,
7/6/1998,7,1998,7.953100204,,1.206366667,0.921066667,,
7/20/1998,7,1998,8.103300095,,1.443866667,0.978888889,,
8/6/1998,8,1998,7.801000118,,2.0589,0.8033,,
8/14/1998,8,1998,7.868000031,2.24000001,1.002133333,0.889566667,,
8/27/1998,8,1998,7.998400211,,1.517233333,1.126344444,,
9/10/1998,9,1998,8.092100143,,1.657366667,0.720722222,,
9/20/1998,9,1998,10.03960037,,1.315866667,0.7166,,
9/24/1998,9,1998,8.456999779,2.49000001,2.299466667,1.0753,,
10/5/1998,10,1998,9.003600121,,1.347266667,0.652877778,,
11/3/1998,11,1998,9.481699944,,1.313733333,0.652288889,,
11/16/1998,11,1998,11.96700001,4.53000021,1.563633333,1.025455556,,
2/17/1999,2,1999,9.251999855,5.809999943,1.298266667,0.657922222,,
3/11/1999,3,1999,9.309900284,,0.7005,0.538777778,,
4/1/1999,4,1999,9.25549984,,1.092366667,0.575333333,,
4/19/1999,4,1999,8.119000435,2.940000057,0.8278,0.505711111,,
4/29/1999,4,1999,7.594299793,,0.953733333,0.282266667,,
5/14/1999,5,1999,7.725500107,,1.638366667,0.285833333,,
5/23/1999,5,1999,7.00549984,,1.841033333,6.07E-02,,
6/10/1999,6,1999,7.12319994,,2.112666667,0,,
6/23/1999,6,1999,7.256499767,,2.5205,0,,
7/3/1999,7,1999,7.15899992,1.169999957,2.5668,0,,
7/9/1999,7,1999,7.329999924,1.590000033,2.291133333,4.77E-02,,
7/19/1999,7,1999,6.916200161,,1.645666667,0,,
7/26/1999,7,1999,7.448900223,,1.8095,5.46E-02,,
8/19/1999,8,1999,8.433899879,,2.770433333,0,,
9/8/1999,9,1999,7.915200233,,1.877733333,3.93E-02,,
9/22/1999,9,1999,7.958000183,2.450000048,1.914966667,0,,
10/15/1999,10,1999,7.967000008,,2.212566667,0.231833333,,
11/4/1999,11,1999,9.892000198,5.920000076,1.062833333,0.0301,,
12/20/1999,12,1999,11.1388998,,1.3205,0.457222222,,
1/20/2000,1,2000,9.937199593,,1.3634,0.385311111,,
2/1/2000,2,2000,9.774000168,6.190000057,0.8459,0.343133333,,
2/16/2000,2,2000,10.33549976,,0.747966667,0.520466667,,
3/7/2000,3,2000,9.173399925,,0.481833333,0.231322222,,
4/6/2000,4,2000,7.561100006,,1.302366667,0.1835,,
4/11/2000,4,2000,7.80700016,2.380000114,1.8852,0,,
4/30/2000,4,2000,9.611800194,,1.664233333,0.201266667,,
5/17/2000,5,2000,8.827799797,,1.140933333,5.54E-02,,
5/22/2000,5,2000,8.394499779,,1.8198,0,,
6/12/2000,6,2000,8.326000214,,1.758666667,5.05E-02,,
6/18/2000,6,2000,7.269999981,,0.9795,0,,
6/23/2000,6,2000,6.968999863,,2.1685,0,,
7/7/2000,7,2000,7.261000156,1.370000005,2.251133333,0,,
7/19/2000,7,2000,7.340499878,,2.615133333,0,,
8/4/2000,8,2000,7.468999863,,2.4232,6.59E-02,,
8/12/2000,8,2000,7.43900013,,2.7034,0.0835,,
8/18/2000,8,2000,7.598400116,,3.123766667,0.135488889,,
8/28/2000,8,2000,7.454400063,,2.396166667,0.138633333,,
9/7/2000,9,2000,7.834000111,1.379999995,2.9991,0.149155556,,
9/23/2000,9,2000,7.727600098,,2.564766667,0.231155556,,
9/25/2000,9,2000,7.791600227,,2.8938,0.222477778,,
10/6/2000,10,2000,7.881100178,,2.281966667,0.174955556,,
10/23/2000,10,2000,8.990799904,,1.812666667,0.125444444,,
11/7/2000,11,2000,10.9151001,,1.217033333,0.348,,
12/6/2000,12,2000,10.31499958,,1.2986,0.633811111,,
1/16/2001,1,2001,10.30150032,,1.235733333,0.654288889,,
1/27/2001,1,2001,10.16800022,5.690000057,1.008066667,0.769088889,,
2/14/2001,2,2001,9.016500473,,1.372766667,0.546455556,,
2/28/2001,2,2001,9.815099716,,0.744766667,0.541933333,,
3/12/2001,3,2001,8.827300072,,1.0622,0.465488889,,
3/20/2001,3,2001,9.203000069,5.46999979,1.4843,0.490555556,,
4/3/2001,4,2001,9.196700096,,1.1626,0.2685,,
4/11/2001,4,2001,8.56760025,,1.714766667,0.193333333,,
4/25/2001,4,2001,8.19659996,,1.7628,0.115211111,,
5/9/2001,5,2001,7.437900066,,1.862,7.40E-02,,
5/18/2001,5,2001,8.251799583,,1.806666667,0,,
6/4/2001,6,2001,7.196800232,,1.910666667,2.72E-02,,
6/13/2001,6,2001,7.46999979,2.380000114,2.330033333,0,,
6/16/2001,6,2001,7.363900185,,2.1356,0,,
6/26/2001,6,2001,7.285900116,,2.3322,5.75E-02,,
7/1/2001,7,2001,7.586900234,,2.410933333,4.91E-02,,
7/6/2001,7,2001,7.21600008,1.970000029,2.340133333,0,,
7/18/2001,7,2001,7.214700222,,2.2087,0.082,,
7/30/2001,7,2001,7.268199921,,2.236266667,0,,
8/5/2001,8,2001,7.582300186,,2.2433,0.119544444,,
8/9/2001,8,2001,7.338099957,,2.797066667,0.124677778,,
8/24/2001,8,2001,7.861800194,,2.862633333,7.98E-02,,
9/5/2001,9,2001,7.587999821,0.649999976,2.754633333,0,,
9/18/2001,9,2001,7.656700134,,1.889033333,0.144577778,,
9/25/2001,9,2001,7.691599846,,1.911166667,0.135177778,,
9/28/2001,9,2001,7.860000134,,2.0177,0.1449,,
10/2/2001,10,2001,8.00660038,,1.712,0.145588889,,
10/29/2001,10,2001,8.296600342,,2.585566667,0.265088889,,
11/7/2001,11,2001,8.818200111,,2.079066667,0.141077778,,
11/27/2001,11,2001,11.58600044,6.070000172,1.5141,0.844277778,,
1/14/2002,1,2002,10.61390018,,1.536333333,0.926688889,,
2/19/2002,2,2002,9.729999542,6.400000095,0.9098,0.755088889,,
3/4/2002,3,2002,8.845100403,,1.101733333,0.610144444,,
3/27/2002,3,2002,8.711799622,,1.512633333,0.569511111,,
4/4/2002,4,2002,7.818999767,1.860000014,1.7065,0.357066667,,
4/18/2002,4,2002,8.689200401,,1.786733333,0.353911111,,
4/30/2002,4,2002,7.342000008,,2.156433333,0.466744444,,
5/9/2002,5,2002,7.512300014,,2.402766667,0.119566667,,
5/20/2002,5,2002,7.214399815,,2.541066667,0,,
5/29/2002,5,2002,7.802000046,1.330000043,2.625133333,0,,
6/4/2002,6,2002,7.626999855,,2.4146,0,,
6/5/2002,6,2002,7.526000023,1.370000005,2.570066667,0,,
6/6/2002,6,2002,7.342000008,1.200000048,2.535633333,0,,
6/7/2002,6,2002,7.214000225,1.149999976,2.767966667,0,,
6/8/2002,6,2002,7.104499817,1.00999999,2.141966667,0.0714,,
6/17/2002,6,2002,7.423999786,1.269999981,2.210466667,0,,
7/3/2002,7,2002,7.183400154,,2.732366667,6.63E-02,,
7/9/2002,7,2002,7.282000065,0.620000005,2.442133333,0,,
7/23/2002,7,2002,7.243800163,,2.021266667,0,,
7/31/2002,7,2002,7.296000004,,2.108633333,4.05E-02,,
8/9/2002,8,2002,7.355000019,,2.204266667,0,,
8/30/2002,8,2002,7.382999897,,1.7858,7.34E-02,,
9/27/2002,9,2002,7.804999828,1.649999976,2.371966667,9.70E-02,,
10/3/2002,10,2002,7.843599796,,2.374633333,0.205833333,,
10/15/2002,10,2002,7.902200222,,2.126366667,8.22E-02,,
11/1/2002,11,2002,7.948299885,,2.1337,0.180766667,,
12/4/2002,12,2002,8.739999771,6.190000057,1.227133333,0.7654,,
1/9/2003,1,2003,11.39949989,,0.787166667,0.823,,
2/6/2003,2,2003,9.709199905,,0.939833333,0.7681,,
2/14/2003,2,2003,10.45100021,5.309999943,0.2923,0.8415,,
2/25/2003,2,2003,10.34570026,,1.0345,0.671388889,,
3/24/2003,3,2003,10.7201004,,1.5943,1.201622222,,
4/1/2003,4,2003,10.20400047,5.489999771,1.827033333,0.879222222,,
4/16/2003,4,2003,10.44330025,,1.579333333,0.850477778,,
4/30/2003,4,2003,10.02509975,,1.6246,0.989144444,,
5/6/2003,5,2003,10.00220013,,1.437933333,0.923344444,,
5/21/2003,5,2003,8.034399986,,1.123,0.490466667,,
6/5/2003,6,2003,7.357900143,,2.258133333,0.318455556,,
6/25/2003,6,2003,7.236800194,,2.3597,0.257911111,,
7/2/2003,7,2003,7.151749849,2.069999933,2.326366667,0.400383333,,
7/17/2003,7,2003,7.258200169,,2.7078,0.327322222,,
7/24/2003,7,2003,7.218100071,,1.737566667,0.309111111,,
8/5/2003,8,2003,7.632999897,,2.718966667,0.245566667,,
8/20/2003,8,2003,8.018500328,,1.6641,0.245422222,,
9/4/2003,9,2003,7.622900009,,1.583533333,0.113377778,,
9/17/2003,9,2003,7.767700195,,1.7353,0.280188889,,
9/26/2003,9,2003,7.737999916,1.409999967,1.584733333,0.434622222,,
10/3/2003,10,2003,7.885300159,,2.109266667,0.562422222,,
10/23/2003,10,2003,12.86654997,,1.014166667,0.638888889,,
11/3/2003,11,2003,8.597700119,,0.994566667,0.425288889,,
1/15/2004,1,2004,10.67114973,,0.428166667,0.9296,,
1/21/2004,1,2004,10.65325022,,0,0.933733333,,
2/4/2004,2,2004,10.41869974,,0.7961,0.898,,
3/2/2004,3,2004,10.41575003,,0.539,1.014266667,,
3/16/2004,3,2004,8.37954998,,0.851366667,0.648588889,,
3/31/2004,3,2004,9.770200253,,1.256133333,1.050644444,,
4/28/2004,4,2004,7.950150013,,1.780233333,0.872877778,,
5/13/2004,5,2004,8.197999954,,2.466533333,0.792333333,,
5/25/2004,5,2004,8.057099819,,2.420766667,4.13E-02,,
6/7/2004,6,2004,7.964400053,,2.231566667,0.618077778,,
6/26/2004,6,2004,7.837999821,1.970000029,2.466766667,0.386822222,,
7/6/2004,7,2004,7.540299892,,2.1346,0.442555556,,
7/19/2004,7,2004,7.635999918,1.695649028,2.0031,0.302144444,,
7/28/2004,7,2004,7.567599773,0.921400011,2.2344,0.213122222,,
8/2/2004,8,2004,7.747100115,0.491936341,2.508233333,0.363977778,,
8/8/2004,8,2004,7.71813345,,2.6867,0.488122222,,
8/30/2004,8,2004,7.870999813,1.99000001,1.5842,0.610488889,,
9/2/2004,9,2004,8.022000313,1.480000019,1.4243,0.465866667,,
9/16/2004,9,2004,7.989699841,1.751954397,1.473266667,0.468511111,,
9/29/2004,9,2004,8.054100037,,1.607266667,0.737555556,,
10/14/2004,10,2004,8.08880043,,1.0846,0.424488889,,
10/28/2004,10,2004,10.6157999,,0.9252,0.621611111,,
11/7/2004,11,2004,8.744999886,,1.0586,0.8405,,
11/22/2004,11,2004,8.81524992,,0.8797,0.668311111,,
12/20/2004,12,2004,10.22290039,,0.7064,0.580044444,,
1/25/2005,1,2005,10.08199978,,0.6355,1.194044444,,
2/2/2005,2,2005,10.49510002,,0.603266667,1.297833333,,
2/23/2005,2,2005,10.49590015,,0.8819,1.042911111,,
3/18/2005,3,2005,9.778300285,,0.598266667,0.861855556,,
4/14/2005,4,2005,11.15079975,,0.5709,0.954833333,,
4/27/2005,4,2005,8.743100166,,0.781966667,1.308966667,,
5/28/2005,5,2005,8.263999939,,0.653966667,0.981277778,,
6/7/2005,6,2005,8.281000137,,0.584033333,0.925,,
6/18/2005,6,2005,8.980600357,2.258960009,0.501333333,0.732488889,,
6/22/2005,6,2005,8.651599884,,0.2679,0.997355556,,
7/6/2005,7,2005,8.026499748,,0.517066667,0.888422222,,
7/28/2005,7,2005,7.341100216,,1.684466667,0.750577778,,
8/2/2005,8,2005,7.429900169,,1.8164,0.837355556,,
8/18/2005,8,2005,7.434400082,,2.145,0.779366667,,
8/26/2005,8,2005,7.649099827,,2.339066667,0.729388889,,
8/29/2005,8,2005,7.589300156,,2.3256,0.811177778,,
9/14/2005,9,2005,7.717400074,1.098549962,2.170766667,0.4011,,
9/28/2005,9,2005,7.751399994,1.018479943,1.539266667,0.742344444,,
10/21/2005,10,2005,9.112000465,,1.696333333,0.795788889,,
11/15/2005,11,2005,11.43889999,5.492869854,1.070266667,0.718177778,,
12/5/2005,12,2005,10.88630009,5.434679985,1.441966667,0.735777778,,
2/15/2006,2,2006,8.897299767,2.997869968,1.293266667,0.639144444,,
3/28/2006,3,2006,9.943400383,5.985740185,1.4233,0.7267,,
4/5/2006,4,2006,10.10890007,6.277599812,1.285233333,0.4278,,
4/18/2006,4,2006,10.69799995,6.365660191,1.306233333,0.398188889,,
4/26/2006,4,2006,9.263500214,3.789740086,0.695133333,0.586055556,,
5/3/2006,5,2006,7.752500057,1.723569989,0.678466667,0.2572,,
5/10/2006,5,2006,7.676000118,1.600000024,0.621133333,0.471622222,,
5/15/2006,5,2006,7.190000057,1.289999962,0.8734,0.228122222,,
5/30/2006,5,2006,9.089300156,,2.144366667,0.374333333,,
6/7/2006,6,2006,8.859900475,2.566200018,2.0281,0.4683,,
6/13/2006,6,2006,8.137800217,1.36935997,1.835166667,0.288455556,,
6/15/2006,6,2006,8.376999855,2.051789999,2.169066667,0.491966667,,
6/28/2006,6,2006,7.298999786,,2.4398,0.451255556,,
6/29/2006,6,2006,7.450200081,1.350690007,2.36,0.3765,,
7/6/2006,7,2006,7.535399914,1.629639983,2.402766667,0.345933333,,
7/13/2006,7,2006,7.475500107,1.142950058,2.4071,0.1749,,
8/1/2006,8,2006,7.52120018,0.761179984,2.234466667,0.1667,,
8/10/2006,8,2006,7.670100212,1.110769987,2.256833333,0.155355556,,
8/23/2006,8,2006,7.794099808,1.590600014,1.836466667,0.3349,,
8/29/2006,8,2006,7.889800072,1.62627995,2.594933333,0.466366667,,
9/13/2006,9,2006,7.836900234,1.388260007,2.1698,0.489055556,,
9/18/2006,9,2006,7.938300133,1.502799988,2.036166667,0.563488889,,
9/26/2006,9,2006,8.110500336,0.984210014,2.576366667,0.215811111,,
9/28/2006,9,2006,8.07820034,0.679090023,2.928866667,0.522044444,,
10/12/2006,10,2006,8.569899559,1.898970008,1.902133333,0.439277778,,
10/31/2006,10,2006,8.346099854,1.297670007,1.4685,0.175955556,,
11/29/2006,11,2006,11.50580025,5.821209908,0.9002,1.2086,,
12/5/2006,12,2006,11.07269955,5.407919884,0.7496,0.654288889,,
1/12/2007,1,2007,9.731699944,4.079710007,1.102366667,1.013,,
1/24/2007,1,2007,9.295700073,3.451770067,1.504966667,0.599188889,,
2/13/2007,2,2007,9.753899574,6.002190113,1.722,0.6419,,
3/5/2007,3,2007,9.66590023,6.174630165,1.3193,0.726566667,,
3/14/2007,3,2007,9.640099525,5.351580143,0.823966667,0.577433333,,
3/22/2007,3,2007,9.357000351,4.13424015,0.986866667,0.203288889,,
3/30/2007,3,2007,8.315500259,2.167710066,1.194566667,0.113866667,,
4/19/2007,4,2007,8.556699753,2.729749918,1.692833333,0.175411111,,
5/4/2007,5,2007,8.435899734,3.510979891,1.3333,0.129877778,,
5/15/2007,5,2007,7.182099819,1.561949968,2.2073,6.78E-02,,
5/30/2007,5,2007,7.110300064,1.497670054,1.903833333,4.84E-02,,
6/12/2007,6,2007,7.586200237,1.436290026,2.520466667,9.70E-02,,
6/27/2007,6,2007,7.379300117,1.384170055,2.3227,0,,
6/28/2007,6,2007,7.390299797,1.339400053,2.263633333,0.154911111,,
6/30/2007,6,2007,7.41629982,,2.100033333,0.0833,,
7/3/2007,7,2007,7.360799789,1.409629941,2.3051,0,,
7/14/2007,7,2007,7.215000153,1.212360024,2.644666667,3.09E-02,,
7/28/2007,7,2007,7.418700218,1.070979953,2.162866667,0.238555556,,
8/7/2007,8,2007,7.388400078,1.123639941,2.484733333,0.297488889,,
8/15/2007,8,2007,7.846099854,1.415889978,2.536066667,0.152655556,,
8/30/2007,8,2007,7.671800137,0.85473001,2.1541,0.284022222,,
9/12/2007,9,2007,7.913700104,1.400060058,2.141866667,0.4493,,
9/24/2007,9,2007,7.902999878,1.624500036,2.167933333,0.597355556,,
10/12/2007,10,2007,9.547599792,4.03030014,1.5375,0.333644444,,
10/23/2007,10,2007,11.50080013,4.50221014,1.234366667,0.541744444,,
11/7/2007,11,2007,8.430299759,2.462280035,1.0856,0.353866667,,
11/20/2007,11,2007,10.40060043,5.68407011,0.9211,0.1901,,
12/10/2007,12,2007,9.850899696,5.460169792,1.183133333,0.120933333,,
2/12/2008,2,2008,8.46930027,6.692649841,1.177433333,0.486866667,,
2/17/2008,2,2008,8.261400223,3.704149961,1.4187,0.433922222,,
3/4/2008,3,2008,8.534000397,5.56264019,1.454666667,0.118433333,,
3/18/2008,3,2008,8.620900154,5.115270138,1.981866667,6.60E-02,,
3/31/2008,3,2008,8.347499847,3.497560024,2.124766667,0,,
4/12/2008,4,2008,7.952300072,2.316689968,2.009033333,0.172655556,,
4/22/2008,4,2008,7.85010004,,2.362466667,0.261277778,,
5/1/2008,5,2008,7.852099895,2.479640007,1.377933333,5.33E-02,,
5/9/2008,5,2008,7.014900208,1.44848001,2.345833333,8.01E-02,,
5/21/2008,5,2008,7.447700024,1.759060025,2.7886,0.120011111,,
5/27/2008,5,2008,7.281000137,1.55230999,2.559733333,0,,
6/11/2008,6,2008,7.231400013,1.53997004,2.323033333,0,,
6/24/2008,6,2008,7.05700016,1.420429945,2.482033333,0,,
6/29/2008,6,2008,7.151899815,1.259240031,2,0,,
7/1/2008,7,2008,7.090899944,1.364030004,2.385833333,0,,
7/12/2008,7,2008,7.065499783,1.479169965,2.722366667,0,,
7/18/2008,7,2008,7.477799892,2.382819891,2.3315,0,,
7/28/2008,7,2008,7.477099895,2.231590033,2.6864,0,,
8/5/2008,8,2008,7.281199932,1.346449971,2.8328,0,,
8/12/2008,8,2008,7.864500046,2.137700081,2.194266667,0,,
8/22/2008,8,2008,8.051600456,3.118170023,2.7008,0.101088889,,
9/8/2008,9,2008,7.563300133,1.870959997,1.749766667,0.132977778,,
9/16/2008,9,2008,7.7427001,2.038579941,2.032933333,0.105855556,,
9/23/2008,9,2008,8.168700218,2.619019985,2.196866667,0.111622222,,
10/1/2008,10,2008,8.549900055,3.93005991,1.4636,0.105033333,,
10/12/2008,10,2008,9.4854002,4.446829796,2.413833333,0.332388889,,
10/22/2008,10,2008,8.289099693,2.876300097,2.4256,0.2143,,
10/27/2008,10,2008,8.066399574,2.38973999,1.742466667,0.3058,,
11/19/2008,11,2008,10.78069973,5.461780071,1.259366667,0.584311111,,
11/24/2008,11,2008,10.93159962,5.348720074,1.3782,0.457222222,,
12/8/2008,12,2008,9.795900345,4.848720074,1.1227,0.807677778,,
1/14/2009,1,2009,9.411000252,5.734620094,1.828333333,0.600033333,,
1/23/2009,1,2009,9.338899612,5.114160061,2.0411,0.425177778,,
2/4/2009,2,2009,8.774299622,3.915570021,1.888033333,0.608244444,,
2/17/2009,2,2009,8.813199997,5.600530148,1.1754,0.4394,,
3/6/2009,3,2009,9.392000198,6.203909874,1.436366667,0.166566667,,
3/24/2009,3,2009,9.281200409,6.112520218,0.965,8.65E-02,,
4/4/2009,4,2009,7.9854002,2.40031004,2.0336,0.1632,,
4/23/2009,4,2009,7.266499996,1.866269946,2.023,5.57E-02,,
5/7/2009,5,2009,8.748399734,5.254479885,2.430266667,0,,
5/16/2009,5,2009,7.71420002,2.254029989,2.465,0.141811111,,
5/26/2009,5,2009,7.208399773,1.62737,2.082466667,0,,
6/2/2009,6,2009,7.303199768,1.519530058,2.093733333,0.202777778,,
6/14/2009,6,2009,7.47510004,1.842569947,2.160533333,0,,
6/30/2009,6,2009,7.192699909,1.379119992,2.088366667,0,,
7/8/2009,7,2009,7.235000134,1.299200058,2.3422,0,,
7/12/2009,7,2009,7.346099854,1.466199994,2.326666667,0,,
7/23/2009,7,2009,7.216800213,1.069820046,2.260133333,0,,
7/28/2009,7,2009,7.307799816,1.542299986,2.452733333,7.40E-02,,
8/14/2009,8,2009,7.791900158,1.516219974,2.723066667,0.157555556,,
8/27/2009,8,2009,7.940999985,1.238980055,2.397133333,6.16E-02,,
9/10/2009,9,2009,8.20759964,2.388430119,2.225933333,8.62E-02,,
9/22/2009,9,2009,8.730799675,3.662750006,1.5416,0.183011111,,
9/29/2009,9,2009,7.999400139,1.619160056,1.539766667,0.362555556,,
10/5/2009,10,2009,8.227999687,2.090229988,1.301833333,0.0576,,
10/19/2009,10,2009,10.02060032,5.19674015,1.4183,0.233755556,,
11/4/2009,11,2009,9.494400024,3.973949909,1.195433333,0.314166667,,
11/10/2009,11,2009,11.87629986,5.873169899,0.9652,0.312633333,,
12/1/2009,12,2009,9.864100456,4.506030083,1.0884,0.362655556,,
12/23/2009,12,2009,9.628499985,5.676179886,1.3314,0.706244444,,
2/9/2010,2,2010,10.75749969,5.991909981,0.593966667,1.267,,
2/22/2010,2,2010,10.92469978,5.817289829,0.481333333,0.945711111,,
3/19/2010,3,2010,9.784999847,4.05174017,1.373233333,0.801022222,,
4/11/2010,4,2010,10.04409981,5.327730179,0.701,0.822677778,,
5/5/2010,5,2010,7.982500076,2.308710098,1.2711,0.925022222,,
5/15/2010,5,2010,7.531199932,2.045660019,1.134933333,0.799422222,,
5/30/2010,5,2010,8.631400108,3.391839981,2.156533333,0.937922222,,
6/4/2010,6,2010,10.67806015,4.733854103,2.410333333,1.162622222,,
6/18/2010,6,2010,7.859200001,2.298480034,1.9912,0.652777778,,
6/26/2010,6,2010,7.233200073,1.85450995,2.329033333,0.297188889,,
6/28/2010,6,2010,7.41410017,1.965839982,2.108766667,0.211922222,,
7/15/2010,7,2010,6.998600006,1.78666997,2.449133333,0.321411111,,
7/20/2010,7,2010,6.929399967,1.965090036,2.224033333,0.5021,,
7/29/2010,7,2010,6.967599869,2.124560118,2.621833333,0.322455556,,
8/7/2010,8,2010,7.066899776,1.846570015,2.3673,0.164277778,,
8/10/2010,8,2010,7.068399906,1.73924005,2.547533333,0.320866667,,
8/18/2010,8,2010,7.232600212,1.747570038,3.042633333,0.376644444,,
9/3/2010,9,2010,7.266200066,1.367830038,2.656233333,0.241244444,,
9/9/2010,9,2010,7.266200066,1.33070004,2.460833333,0.3849,,
9/20/2010,9,2010,7.886000156,2.210429907,2.5151,0.4022,,
9/28/2010,9,2010,8.874199867,2.841739893,1.587,0.350422222,,
10/6/2010,10,2010,8.057999611,1.961169958,2.221166667,0.728388889,,
10/19/2010,10,2010,7.989200115,1.766109943,1.945266667,0.378944444,,
11/4/2010,11,2010,11.40970039,5.931330204,1.073266667,0.252533333,,
11/24/2010,11,2010,11.00529957,4.755569935,1.269966667,0.500044444,,
1/10/2011,1,2011,10.51830006,5.900849819,1.0659,0.840933333,,
1/25/2011,1,2011,9.808899879,4.677020073,1.498,0.599833333,,
2/10/2011,2,2011,8.234000206,2.752249956,1.5127,0.610511111,,
2/26/2011,2,2011,9.099200249,3.87300992,1.897833333,0.8677,,
4/8/2011,4,2011,8.52630043,3.377510071,2.3555,0.373066667,,
4/17/2011,4,2011,9.662799835,6.151679993,2.092866667,0.118833333,,
5/9/2011,5,2011,8.058799744,2.497910023,2.7518,0.326055556,,
5/18/2011,5,2011,7.876100063,1.885740042,2.354266667,0.2498,,
6/8/2011,6,2011,7.743000031,1.406589985,2.648366667,0.0912,,
6/22/2011,6,2011,7.531899929,1.649809957,2.181966667,4.43E-02,,
6/27/2011,6,2011,7.566699982,1.426249981,2.188566667,0,,
7/6/2011,7,2011,7.394199848,1.831689954,2.744866667,0.2151,,
7/22/2011,7,2011,7.528900146,1.192559958,2.6949,4.09E-02,,
8/4/2011,8,2011,7.16960001,1.52057004,2.183,7.04E-02,,
8/17/2011,8,2011,7.35379982,0.99180001,2.492333333,4.82E-02,,
9/1/2011,9,2011,7.544300079,0.617540002,2.638433333,1.72E-02,,
9/13/2011,9,2011,7.69630003,0.609340012,2.374966667,0,,
9/20/2011,9,2011,7.859000206,0.904100001,2.494266667,0,,
9/26/2011,9,2011,9.040699959,3.513079882,2.903633333,0.5045,,
9/29/2011,9,2011,11.81709957,5.623789787,2.484233333,0.261977778,,
10/15/2011,10,2011,8.808099747,3.26473999,1.340133333,0.577333333,,
10/26/2011,10,2011,8.154899597,2.528949976,2.020833333,0.340066667,,
11/29/2011,11,2011,10.80510044,5.844590187,1.131833333,0.725011111,,
12/10/2011,12,2011,9.2833004,3.971369982,1.2919,0.488311111,,
1/8/2012,1,2012,9.21020031,6.018569946,2.136566667,0.804855556,,
2/24/2012,2,2012,8.776800156,4.536839962,2.215533333,0.669166667,,
3/25/2012,3,2012,8.81099987,6.15515995,2.092966667,0.258911111,,
4/7/2012,4,2012,9.074700356,6.068019867,1.969566667,0.5271,,
4/14/2012,4,2012,9.219900131,6.194049835,1.07,0.6675,,
5/4/2012,5,2012,8.877200127,4.558129787,2.2663,0.319711111,,
5/19/2012,5,2012,7.067800045,2.069590092,1.833466667,6.50E-02,,
5/29/2012,5,2012,7.281099796,1.970870018,2.027066667,6.82E-02,,
6/10/2012,6,2012,7.537000179,2.001950026,2.5214,0,,
6/25/2012,6,2012,7.480000019,,2.546066667,5.65E-02,,
6/28/2012,6,2012,7.419099808,1.641440034,2.4813,7.36E-02,,
7/7/2012,7,2012,7.381000042,,2.3493,5.67E-02,,
7/20/2012,7,2012,7.39199996,1.658589959,2.887816667,5.50E-02,,
8/7/2012,8,2012,7.436399937,0.811990023,2.7469,0.118644444,,
8/21/2012,8,2012,7.431900024,1.44994998,2.906566667,0,,
9/6/2012,9,2012,7.765500069,2.384170055,2.202133333,0.169122222,,
9/16/2012,9,2012,7.638100147,1.052629948,2.071633333,0.168166667,,
9/29/2012,9,2012,7.821199894,1.783769965,2.376866667,9.64E-02,,
10/7/2012,10,2012,7.898900032,2.232539892,1.3873,0.155155556,,
10/25/2012,10,2012,11.3125,5.848420143,1.5198,0.354455556,,
11/13/2012,11,2012,11.98159981,5.741600037,0.669266667,0.833733333,,
11/26/2012,11,2012,12.19040012,5.628530025,0.927166667,0.9213,,
12/30/2012,12,2012,10.95549965,5.662119865,0.845766667,0.810722222,,
1/14/2013,1,2013,9.330900192,4.503660202,1.274733333,1.011211111,,
2/14/2013,2,2013,8.758000374,3.7292099,1.3728,0.564022222,,
3/3/2013,3,2013,8.414999962,2.914419889,1.912133333,0.703788889,,
3/10/2013,3,2013,8.474300385,3.32852006,2.214366667,0.591444444,,
3/18/2013,3,2013,8.187299728,2.977109909,2.151666667,0.602866667,,
4/16/2013,4,2013,7.608500004,2.068200111,2.2057,0.307544444,,
4/27/2013,4,2013,7.38380003,1.430520058,2.261666667,0.299333333,,
5/8/2013,5,2013,7.221399784,1.586930037,2.6481,7.31E-02,,
5/30/2013,5,2013,7.909100056,2.642750025,2.250366667,0,,
6/7/2013,6,2013,7.116899967,1.284229994,2.342533333,0,,
6/19/2013,6,2013,7.193900108,1.103860021,2.9548,0,,
6/27/2013,6,2013,7.673099995,1.920680046,2.0459,0.176488889,,
7/9/2013,7,2013,7.177299976,0.944090009,2.4331,0.110611111,,
7/29/2013,7,2013,6.951900005,1.581230044,1.7328,0,,
8/25/2013,8,2013,7.704800129,1.595589995,2.764733333,0,,
9/11/2013,9,2013,8.209500313,2.360239983,2.189433333,0.120577778,,
9/26/2013,9,2013,11.83080006,5.09525013,1.8872,0.307988889,,
10/4/2013,10,2013,11.13339996,4.29282999,1.544633333,0.782877778,,
10/22/2013,10,2013,8.604000092,2.767529964,1.433666667,0.412922222,,
11/9/2013,11,2013,9.313699722,4.413099766,1.2462,0.167511111,,
11/22/2013,11,2013,10.1697998,4.992340088,1.4756,0.702844444,,
12/9/2013,12,2013,9.097399712,3.865880013,0.886233333,0.786144444,,
1/16/2014,1,2014,8.549500465,5.722949982,1.388733333,0.151055556,,
2/4/2014,2,2014,8.752799988,5.307209969,1.9735,0.201722222,,
2/23/2014,2,2014,9.486499786,6.031750202,1.529133333,0.401633333,,
3/31/2014,3,2014,10.34379959,6.374639988,2.148,0.198366667,,
4/8/2014,4,2014,10.28610039,6.110879898,1.5932,7.32E-02,,
4/25/2014,4,2014,10.09020042,5.722839832,2.087,0.319011111,,
5/6/2014,5,2014,10.54769993,5.161580086,2.148266667,0.170977778,,
5/19/2014,5,2014,8.20759964,2.543200016,2.473233333,0.712611111,,
6/11/2014,6,2014,6.975699902,1.471410036,1.969366667,7.77E-02,,
6/27/2014,6,2014,7.738200188,1.235470057,2.2539,5.88E-02,,
7/6/2014,7,2014,7.73570013,1.434839964,2.730166667,0.164277778,,
7/22/2014,7,2014,7.531099796,1.382019997,2.235,5.68E-02,,
8/6/2014,8,2014,7.550199986,1.397660017,2.344766667,0.183611111,,
8/20/2014,8,2014,7.743199825,0.942009985,2.876666667,0.104133333,,
9/7/2014,9,2014,8.102800369,1.706859946,2.527033333,0.144888889,,
9/25/2014,9,2014,10.35449982,5.125219822,2.262133333,0.566255556,,
9/30/2014,9,2014,11.19789982,5.498660088,1.6166,0.8722,,
10/8/2014,10,2014,8.931599617,3.43095994,1.541266667,0.858077778,,
10/27/2014,10,2014,14.36999989,5.559999943,0.471366667,1.225155556,,
11/7/2014,11,2014,14.6548996,5.462920189,0,0.825833333,,
11/8/2014,11,2014,14.59160042,5.362569809,0.146366667,1.003944444,,
12/31/2014,12,2014,13.28709984,4.769579887,0.386266667,0.7091,,
1/6/2015,1,2015,12.74660015,5.523880005,0.391533333,0.685088889,,
1/21/2015,1,2015,12.51650047,5.868959904,1.0285,1.041855556,,
1/31/2015,1,2015,12.11089993,5.092820168,0.3971,0.858344444,,
2/4/2015,2,2015,12.23560047,5.327640057,0.3326,0.824333333,,
2/18/2015,2,2015,12.21389961,5.206570148,0.3894,1.001811111,,
3/4/2015,3,2015,9.168000221,3.073460102,0.953833333,0.936677778,,
3/26/2015,3,2015,11.41689968,4.935599804,0.254066667,1.012377778,,
4/7/2015,4,2015,10.1104002,3.591300011,0,1.029555556,,
4/27/2015,4,2015,8.163999557,2.308599949,0.732133333,1.143733333,,
5/7/2015,5,2015,7.160099983,2.005199909,1.6066,0.863833333,,
5/13/2015,5,2015,7.293399811,1.868100047,1.591933333,0.573144444,,
5/19/2015,5,2015,7.547299862,2.07130003,1.4073,0.686055556,,
6/16/2015,6,2015,7.442399979,2.35739994,1.782066667,0.2733,,
6/28/2015,6,2015,7.433000088,2.574800014,2.390866667,0.686855556,,
7/3/2015,7,2015,7.585000038,2.562900066,2.351033333,0.659777778,,
7/15/2015,7,2015,8.344599724,3.092799902,2.3376,0.629611111,,
7/26/2015,7,2015,8.165599823,2.77850008,2.2256,0.816688889,,
8/8/2015,8,2015,8.180999756,2.958800077,2.416833333,0.486188889,,
8/10/2015,8,2015,8.327699661,2.527899981,1.683433333,0.777622222,,
8/26/2015,8,2015,8.809300423,2.66869998,1.747133333,0.642144444,,
9/3/2015,9,2015,10.66730022,7.008500099,0.828866667,0.871466667,,
9/16/2015,9,2015,8.785699844,2.943599939,1.2576,0.929622222,,
9/23/2015,9,2015,9.100799561,3.192600012,1.4095,0.9847,,
9/29/2015,9,2015,9.172699928,2.510299921,0.9525,0.964444444,,
10/7/2015,10,2015,9.493800163,3.055500031,0.810433333,1.144911111,,
10/13/2015,10,2015,9.837300301,3.537400007,0.307,1.289611111,,
11/3/2015,11,2015,12.69709969,5.00150013,0,0.976355556,,
1/8/2016,1,2016,11.39490032,5.604700089,0,0.848188889,,
3/26/2016,3,2016,11.24489975,5.489600182,0,0.945377778,,
4/18/2016,4,2016,11.08640003,6.041699886,0,1.098866667,,
4/26/2016,4,2016,10.04920006,3.632999897,0,1.034688889,,
4/28/2016,4,2016,9.246899605,2.806699991,0.186433333,1.104811111,,
5/12/2016,5,2016,8.166199684,2.475800037,0,0.987255556,,
5/24/2016,5,2016,8.417499542,2.273400068,0.4813,1.316677778,,
6/12/2016,6,2016,7.77120018,2.518399954,1.592566667,0.937133333,,
6/29/2016,6,2016,7.818200111,1.983299971,1.3823,0.651755556,,
7/7/2016,7,2016,7.487800121,1.673799992,1.604966667,0.677955556,,
8/1/2016,8,2016,7.311200142,1.844799995,1.171566667,0.6722,,
8/21/2016,8,2016,7.499800205,1.979500055,1.954033333,0.411911111,,
9/6/2016,9,2016,8.67029953,2.469300032,1.2168,0.871755556,,
9/20/2016,9,2016,8.179800034,1.441499949,1.014366667,0.632188889,,
10/11/2016,10,2016,9.635899544,4.43900013,1.289833333,0.728033333,,
11/18/2016,11,2016,14.17780018,5.69119978,0.133766667,1.138188889,,
12/6/2016,12,2016,12.96440029,5.21969986,0.116266667,0.781122222,,
1/12/2017,1,2017,10.42515039,6.121500015,0,0.718477778,,
2/1/2017,2,2017,10.29940033,4.928500175,0,0.843633333,,
2/17/2017,2,2017,10.68529987,6.008699894,2.62E-02,0.868888889,,
2/25/2017,2,2017,10.85009956,6.007999897,0,0.9869,,
3/20/2017,3,2017,10.39529991,5.923399925,0,1.021888889,,
4/11/2017,4,2017,10.34109974,6.102600098,0,1.184388889,,
4/27/2017,4,2017,10.54119968,5.615799904,0.219066667,0.918555556,,
5/21/2017,5,2017,7.990200043,2.29640007,0.124833333,0.694544444,,
6/12/2017,6,2017,8.604800224,1.975299954,0.778666667,0.948533333,,
7/6/2017,7,2017,7.382400036,1.716599941,1.730833333,0.547655556,,
7/12/2017,7,2017,7.539800167,1.712100029,1.8139,0.434366667,,
7/27/2017,7,2017,7.51210022,1.023000002,1.939366667,0.509422222,,
8/8/2017,8,2017,7.709000111,1.226199985,2.7315,0.375933333,,
9/6/2017,9,2017,8.006699562,0.287600011,1.8796,0.453611111,,
9/22/2017,9,2017,9.634300232,3.441900015,1.594066667,0.424977778,,
10/4/2017,10,2017,9.459799767,2.841599941,1.546666667,0.590377778,,
10/26/2017,10,2017,11.37930012,5.326099873,1.8369,0.6771,,
11/6/2017,11,2017,9.803799629,3.621900082,1.498666667,0.734655556,,
12/4/2017,12,2017,11.7191,5.620999813,0.674066667,0.610244444,,
12/18/2017,12,2017,10.74870014,4.332099915,0.728933333,0.385166667,,
2/6/2018,2,2018,10.57279968,4.886099815,0.744933333,0.903155556,,
2/27/2018,2,2018,9.453900337,3.061800003,1.3092,0.7659,,
3/5/2018,3,2018,10.0717001,5.647099972,1.327266667,0.725111111,,
3/18/2018,3,2018,9.857199669,5.82490015,1.6457,0.631455556,,
4/9/2018,4,2018,10.12720013,6.365799904,1.6085,0.735911111,,
4/23/2018,4,2018,8.378600121,2.440000057,1.616733333,0.847722222,,
5/7/2018,5,2018,8.48390007,2.397399902,1.4393,0.623444444,,
5/21/2018,5,2018,8.326299667,1.729300022,1.627066667,0.667466667,,
6/6/2018,6,2018,7.970699787,1.631700039,1.935466667,0.334833333,,
6/27/2018,6,2018,7.763899803,1.087100029,2.4375,0.259977778,,
7/10/2018,7,2018,7.835299969,1.072399974,2.394133333,0.327533333,,
7/17/2018,7,2018,7.85379982,1.282199979,2.558433333,0.176833333,,
8/21/2018,8,2018,8.005800247,0.417199999,2.5517,0.1825,,
9/20/2018,9,2018,8.589500427,1.326200008,2.7552,0.3094,,
9/27/2018,9,2018,8.507699966,1.133700013,2.4361,0,,
10/11/2018,10,2018,9.208900452,2.796000004,1.220466667,6.91E-02,,
10/15/2018,10,2018,8.867400169,2.246500015,1.252066667,5.33E-02,,
11/8/2018,11,2018,10.52149963,4.245600224,1.581933333,0.135966667,,
12/6/2018,12,2018,10.29940033,5.126200199,0.9197,0.352344444,,
1/13/2019,1,2019,11.31190014,5.769599915,0.548633333,0.770533333,,
2/18/2019,2,2019,10.8888998,6.032100201,0.363733333,0.932444444,,
3/4/2019,3,2019,10.63269997,5.844600201,1.040033333,0.922044444,,
3/31/2019,3,2019,10.28450012,4.668000221,0.525533333,0.683322222,,
4/18/2019,4,2019,10.86559963,5.912700176,1.120533333,0.924055556,,
4/29/2019,4,2019,7.565100193,2.232599974,1.212166667,0.404788889,,
5/7/2019,5,2019,7.688899994,2.386199951,2.0012,0.5957,,
5/24/2019,5,2019,8.63710022,,2.526333333,0.635833333,,
6/5/2019,6,2019,7.732600212,,2.731433333,0.416311111,,
6/17/2019,6,2019,7.437799931,1.736600041,2.842,0.116911111,,
6/27/2019,6,2019,7.44299984,1.523200035,2.574866667,4.27E-02,,
7/23/2019,7,2019,7.736999989,1.842000008,2.526533333,0.3584,,
8/25/2019,8,2019,7.947999954,0.813899994,2.930666667,0.294333333,,
9/11/2019,9,2019,8.453499794,2.330199957,2.069066667,0.489133333,,
9/20/2019,9,2019,9.782299995,3.694200039,1.182533333,0.928511111,,
9/26/2019,9,2019,8.334400177,2.404200077,1.740566667,0.749022222,,
10/11/2019,10,2019,8.23429966,1.880900025,1.071566667,0.716655556,,
10/24/2019,10,2019,11.2347002,4.033800125,0.977466667,0.971611111,,
11/6/2019,11,2019,8.421199799,2.650700092,0.6702,0.941566667,,
11/21/2019,11,2019,8.936499596,4.063799858,0.8265,0.890933333,,
12/4/2019,12,2019,9.492400169,4.171999931,1.1868,0.978133333,,
2/4/2020,2,2020,10.51819992,6.100399971,0.773233333,0.843477778,,
2/19/2020,2,2020,8.601499557,2.872999907,2.266833333,0.522355556,,
3/15/2020,3,2020,8.267100334,2.669399977,2.045066667,0.5448,,
4/6/2020,4,2020,9.251999855,5.582900047,2.248666667,0.349466667,,
5/14/2020,5,2020,10.30900002,4.43930006,2.318366667,4.55E-02,,
6/15/2020,6,2020,8.28030014,1.869600058,3.066333333,0,,
6/27/2020,6,2020,7.658299923,1.01699996,2.4899,0,,
7/16/2020,7,2020,7.165299892,1.21570003,2.773766667,0,,
7/23/2020,7,2020,7.225200176,0.717899978,3.183633333,0.0871,,
8/5/2020,8,2020,7.60529995,1.144600034,2.8374,0,,
8/23/2020,8,2020,7.696400166,0.91930002,2.6729,0.191777778,,
9/21/2020,9,2020,9.478699684,4.251200199,2.2063,0.128744444,,
9/30/2020,9,2020,11.03009987,5.055799961,1.6136,0.764644444,,
10/19/2020,10,2020,9.285900116,3.448299885,1.677266667,0.628466667,,
11/20/2020,11,2020,10.56980038,5.448900223,1.158766667,0.772422222,,
12/10/2020,12,2020,9.521900177,3.516400099,1.3159,0.9696,,
12/23/2020,12,2020,10.56169987,5.862100124,2.002133333,0.925822222,,
1/19/2021,1,2021,10.02960014,4.666100025,2.000633333,0.574133333,,
2/9/2021,2,2021,9.835599899,4.809000015,2.033233333,0.584144444,,
3/11/2021,3,2021,9.504099846,4.757400036,2.177666667,0.227544444,,
3/24/2021,3,2021,8.827300072,3.422499895,1.8498,0.537288889,,
4/16/2021,4,2021,7.329800129,1.783599973,2.1443,0.1357,,
4/17/2021,4,2021,7.516499996,1.810299993,2.1418,0.200811111,,
5/23/2021,5,2021,7.023900032,1.371399999,2.840366667,8.32E-02,,
5/31/2021,5,2021,7.283699989,1.295899987,2.776733333,0,,
6/27/2021,6,2021,7.441100121,1.398200035,2.5108,0,,
7/7/2021,7,2021,7.437900066,0.852500021,2.935466667,7.26E-02,,
7/23/2021,7,2021,7.363100052,0.891300023,2.499533333,7.79E-02,,
8/5/2021,8,2021,7.52159977,1.246799946,2.368233333,3.10E-02,,
8/24/2021,8,2021,7.625199795,0.444400012,2.759566667,0.0352,,
9/4/2021,9,2021,7.718699932,0.632300019,2.641233333,0.143555556,,
9/22/2021,9,2021,8.139300346,1.053900003,2.809033333,0.147644444,,
10/4/2021,10,2021,8.18599987,0.907599986,2.132266667,0.271688889,,
10/31/2021,10,2021,11.0564003,4.692100048,1.5987,0.646233333,,
11/17/2021,11,2021,11.71210003,5.157000065,1.097666667,1.122133333,,
12/17/2021,12,2021,11.04500008,5.635300159,0.6944,0.859122222,,
1/18/2022,1,2022,10.34729958,5.654500008,1.539966667,0.9782,,
2/2/2022,2,2022,9.799699783,4.406099796,1.469966667,0.759444444,,
2/18/2022,2,2022,8.77009964,2.459800005,1.653666667,0.798622222,,
3/24/2022,3,2022,8.819600105,3.101999998,2.296233333,0.476933333,,
4/14/2022,4,2022,8.076600075,1.607599974,2.449066667,0.107666667,,
4/27/2022,4,2022,8.485799789,2.277100086,2.4926,0.102022222,,
5/16/2022,5,2022,9.002400398,2.693200111,2.0792,8.95E-02,,
6/27/2022,6,2022,7.50549984,1.236600041,1.965333333,0,,
7/6/2022,7,2022,7.682400227,1.289700031,1.753366667,0,,
7/21/2022,7,2022,7.643700123,1.229599953,2.190133333,3.86E-02,,
8/3/2022,8,2022,8.015899658,0.694400012,2.522533333,0.00E+00,,
9/6/2022,9,2022,8.040800095,1.475499988,2.651766667,0.130388889,,
9/23/2022,9,2022,9.427800179,3.944000006,1.714166667,2.03E-01,,
10/4/2022,10,2022,9.334899902,3.968100071,1.720333333,0.713388889,,
10/18/2022,10,2022,8.968500137,3.280600071,1.7977,0.514511111,,
11/9/2022,11,2022,11.58790016,5.864299774,1.623933333,1.229411111,,
11/20/2022,11,2022,9.930500031,3.834399939,1.270433333,1.091055556,,
12/6/2022,12,2022,9.761599541,5.803199768,1.3291,0.750588889,,
1/26/2023,1,2023,10.13640022,5.29309988,1.5061,0.903422222,,
2/15/2023,2,2023,8.274900436,2.722599983,0.9784,0.398988889,,
3/17/2023,3,2023,8.669300079,6.054599762,1.8514,0.553566667,,
3/29/2023,3,2023,8.83259964,4.836400032,1.8199,0.4109,,
4/13/2023,4,2023,9.161800385,5.92320013,1.9346,0.680855556,,
4/25/2023,4,2023,8.747799873,4.258900166,2.381466667,0.597155556,,
5/5/2023,5,2023,8.315600395,2.732599974,1.879966667,0.557222222,,
5/8/2023,5,2023,8.387800217,2.889100075,1.669333333,0.205833333,,
5/11/2023,5,2023,8.532999992,2.533900023,1.565766667,0.3669,,
5/28/2023,5,2023,7.786399841,1.841099977,1.584766667,0.004888889,,
5/31/2023,5,2023,7.651599884,1.816699982,1.8112,0.1563,,
6/6/2023,6,2023,7.362299919,1.689499974,2.142166667,0.114988889,,
6/28/2023,6,2023,7.794400215,1.854900002,2.522733333,0.062444444,,
7/7/2023,7,2023,7.691599846,2.044300079,1.617366667,0,,
7/20/2023,7,2023,7.735099792,1.716099977,2.723066667,0.082377778,,
8/8/2023,8,2023,8.108599663,1.46239996,2.917266667,0.126811111,,
9/5/2023,9,2023,8.704299927,2.447299957,2.372566667,0,,
9/22/2023,9,2023,8.491200447,2.034699917,1.787666667,0.102522222,,
9/30/2023,9,2023,10.32279968,4.251100063,1.944366667,0.376144444,,
10/7/2023,10,2023,9.563599586,3.928200006,1.746933333,0.4585,,
